Z,N,A,binding_energy
8,8,16,-127.62372
8,9,17,-131.765151
8,10,18,-139.806582
8,11,19,-143.758013
8,12,20,-151.369444
8,13,21,-155.180875
8,14,22,-162.032306
8,15,23,-164.773737
8,16,24,-168.385168
8,17,25,-168.195145
8,18,26,-168.934454
9,8,17,-128.222754
9,9,18,-137.374185
9,10,19,-147.805616
9,11,20,-154.407047
9,12,21,-162.508478
9,13,22,-167.739909
9,14,23,-175.27134
9,15,24,-179.112771
9,16,25,-183.474202
9,17,26,-184.545633
9,18,27,-185.957064
9,19,28,-185.5519876
9,20,29,-186.8769106
10,8,18,-132.141788
10,9,19,-143.783219
10,10,20,-160.64465
10,11,21,-167.406081
10,12,22,-177.767512
10,13,23,-182.968943
10,14,24,-191.840374
10,15,25,-196.071805
10,16,26,-201.603236
10,17,27,-203.034667
10,18,28,-206.936098
10,19,29,-208.187529
10,20,30,-211.21896
10,21,31,-211.2057962
11,8,19,-131.820822
11,9,20,-145.972253
11,10,21,-163.073684
11,11,22,-174.145115
11,12,23,-186.566546
11,13,24,-193.527977
11,14,25,-202.539408
11,15,26,-208.110839
11,16,27,-214.84227
11,17,28,-218.383701
11,18,29,-222.805132
11,19,30,-225.176563
11,20,31,-228.957994
11,21,32,-230.619425
11,22,33,-232.860856
11,23,34,-234.1388818
12,8,20,-134.469856
12,9,21,-149.201287
12,10,22,-168.582718
12,11,23,-181.724149
12,12,24,-198.25558
12,13,25,-205.587011
12,14,26,-216.688442
12,15,27,-223.129873
12,16,28,-231.631304
12,17,29,-235.302735
12,18,30,-241.664166
12,19,31,-244.045597
12,20,32,-249.847028
12,21,33,-252.078459
12,22,34,-256.22989
12,23,35,-257.468183
12,24,36,-260.7991272
12,25,37,-261.0391255
13,10,23,-168.701752
13,11,24,-183.603183
13,12,25,-200.534614
13,13,26,-211.896045
13,14,27,-224.957476
13,15,28,-232.678907
13,16,29,-242.120338
13,17,30,-247.841769
13,18,31,-254.9932
13,19,32,-259.174631
13,20,33,-264.716062
13,21,34,-267.187493
13,22,35,-272.458924
13,23,36,-274.620355
13,24,37,-278.521786
13,25,38,-280.493217
13,26,39,-283.214648
14,10,24,-172.000786
14,11,25,-187.012217
14,12,26,-206.043648
14,13,27,-219.355079
14,14,28,-236.53651
14,15,29,-245.017941
14,16,30,-255.619372
14,17,31,-262.210803
14,18,32,-271.412234
14,19,33,-275.893665
14,20,34,-283.435096
14,21,35,-285.906527
14,22,36,-292.097958
14,23,37,-294.269389
14,24,38,-299.83082
14,25,39,-301.902251
14,26,40,-306.433682
14,27,41,-306.415113
15,12,27,-206.912682
15,13,28,-221.424113
15,14,29,-239.285544
15,15,30,-250.606975
15,16,31,-262.918406
15,17,32,-270.859837
15,18,33,-280.961268
15,19,34,-287.252699
15,20,35,-295.62413
15,21,36,-299.085561
15,22,37,-305.896992
15,23,38,-309.738423
15,24,39,-315.919854
15,25,40,-319.231285
15,26,41,-324.472716
15,27,42,-326.324147
15,28,43,-329.565578
16,12,28,-209.411716
16,13,29,-224.713147
16,14,30,-243.684578
16,15,31,-256.746009
16,16,32,-271.78744
16,17,33,-280.428871
16,18,34,-291.840302
16,19,35,-298.831733
16,20,36,-308.713164
16,21,37,-313.024595
16,22,38,-321.056026
16,23,39,-325.427457
16,24,40,-333.208888
16,25,41,-337.430319
16,26,42,-344.16175
16,27,43,-346.523181
16,28,44,-351.744612
16,29,45,-353.946043
17,13,30,-224.165094
17,14,31,-243.983612
17,15,32,-258.315043
17,16,33,-274.056474
17,17,34,-285.567905
17,18,35,-298.209336
17,19,36,-306.790767
17,20,37,-317.102198
17,21,38,-323.213629
17,22,39,-331.28506
17,23,40,-337.116491
17,24,41,-344.937922
17,25,42,-350.609353
17,26,43,-357.940784
17,27,44,-362.072215
17,28,45,-368.273646
17,29,46,-372.695077
18,14,32,-246.402646
18,15,33,-261.654077
18,16,34,-278.725508
18,17,35,-291.466939
18,18,36,-306.71837
18,19,37,-315.509801
18,20,38,-327.351232
18,21,39,-333.942663
18,22,40,-343.814094
18,23,41,-349.915525
18,24,42,-359.336956
18,25,43,-364.998387
18,26,44,-373.729818
18,27,45,-378.901249
18,28,46,-386.92268
18,29,47,-391.184111
18,30,48,-395.6959488
19,16,35,-278.804542
19,17,36,-293.135973
19,18,37,-308.577404
19,19,38,-320.648835
19,20,39,-333.730266
19,21,40,-341.521697
19,22,41,-351.623128
19,23,42,-359.154559
19,24,43,-368.79599
19,25,44,-376.087421
19,26,45,-384.958852
19,27,46,-391.840283
19,28,47,-400.191714
19,29,48,-404.683145
19,30,49,-410.954576
19,31,50,-414.056007
19,32,51,-419.288085
19,33,52,-421.9815756
19,34,53,-425.2109864
20,16,36,-281.363576
20,17,37,-296.155007
20,18,38,-313.126438
20,19,39,-326.407869
20,20,40,-342.0593
20,21,41,-350.420731
20,22,42,-361.902162
20,23,43,-369.833593
20,24,44,-380.965024
20,25,45,-388.376455
20,26,46,-398.767886
20,27,47,-406.049317
20,28,48,-415.990748
20,29,49,-421.142179
20,30,50,-427.49361
20,31,51,-431.855041
20,32,52,-436.576472
20,33,53,-441.5206234
20,34,54,-445.3648218
20,35,55,-446.92593
20,36,56,-449.8572624
21,18,39,-312.525472
21,19,40,-326.946903
21,20,41,-343.138334
21,21,42,-354.689765
21,22,43,-366.831196
21,23,44,-376.532627
21,24,45,-387.854058
21,25,46,-396.615489
21,26,47,-407.25692
21,27,48,-415.498351
21,28,49,-425.619782
21,29,50,-431.681213
21,30,51,-438.432644
21,31,52,-443.644075
21,32,53,-450.1201225
21,33,54,-453.646937
21,34,55,-457.078368
21,35,56,-461.0803736
21,36,57,-465.0154962
21,37,58,-467.1867288
21,38,59,-470.6080307
22,18,40,-314.494506
22,19,41,-329.4099449
22,20,42,-346.907368
22,21,43,-359.178799
22,22,44,-375.48023
22,23,45,-385.011661
22,24,46,-398.193092
22,25,47,-407.074523
22,26,48,-418.705954
22,27,49,-426.847385
22,28,50,-437.788816
22,29,51,-444.160247
22,30,52,-451.971678
22,31,53,-457.403109
22,32,54,-464.23454
22,33,55,-468.385971
22,34,56,-473.727402
22,35,57,-476.398833
22,36,58,-481.842482
22,38,60,-489.167148
23,20,43,-346.9890547
23,21,44,-361.267833
23,22,45,-377.099264
23,23,46,-390.360695
23,24,47,-403.362126
23,25,48,-413.903557
23,26,49,-425.464988
23,27,50,-434.796419
23,28,51,-445.84785
23,29,52,-453.159281
23,30,53,-461.640712
23,31,54,-467.752143
23,32,55,-475.083574
23,33,56,-480.085005
23,34,57,-486.266436
23,35,58,-490.357867
23,36,59,-495.289298
23,37,60,-498.870729
23,38,61,-504.5335437
23,39,62,-507.640903
23,40,63,-512.2391967
24,20,44,-349.783566
24,21,45,-363.406867
24,22,46,-381.978298
24,23,47,-395.139729
24,24,48,-411.47116
24,25,49,-422.052591
24,26,50,-435.054022
24,27,51,-444.315453
24,28,52,-456.356884
24,29,53,-464.288315
24,30,54,-474.009746
24,31,55,-480.261177
24,32,56,-488.502608
24,33,57,-493.814039
24,34,58,-501.19547
24,35,59,-505.326901
24,36,60,-512.008332
24,37,61,-515.759763
24,38,62,-522.071194
24,39,63,-525.8950074
24,40,64,-531.4280064
25,21,46,-364.139703
25,22,47,-382.3596499
25,23,48,-397.188763
25,24,49,-413.560194
25,25,50,-426.641625
25,26,51,-440.323056
25,27,52,-450.864487
25,28,53,-462.915918
25,29,54,-471.857349
25,30,55,-482.07878
25,31,56,-489.350211
25,32,57,-498.001642
25,33,58,-504.493073
25,34,59,-512.134504
25,35,60,-517.905935
25,36,61,-524.357366
25,37,62,-528.908797
25,38,63,-535.290228
25,39,64,-539.631659
25,40,65,-545.75309
25,41,66,-549.8987076
26,22,48,-385.0908192
26,23,49,-399.9042929
26,24,50,-417.709228
26,25,51,-431.520659
26,26,52,-447.70209
26,27,53,-458.383521
26,28,54,-471.764952
26,29,55,-481.066383
26,30,56,-492.257814
26,31,57,-499.909245
26,32,58,-509.950676
26,33,59,-516.532107
26,34,60,-525.353538
26,35,61,-530.934969
26,36,62,-538.9864
26,37,63,-543.707831
26,38,64,-550.999262
26,39,65,-555.180693
26,40,66,-561.942124
26,41,67,-566.133555
26,42,68,-571.644986
27,23,50,-400.031935
27,24,51,-417.8559999
27,25,52,-432.9291512
27,26,53,-449.311124
27,27,54,-462.742555
27,28,55,-476.833986
27,29,56,-486.915417
27,30,57,-498.286848
27,31,58,-506.868279
27,32,59,-517.31971
27,33,60,-524.811141
27,34,61,-534.132572
27,35,62,-540.734003
27,36,63,-549.215434
27,37,64,-555.236865
27,38,65,-562.688296
27,39,66,-567.699727
27,40,67,-574.721158
27,41,68,-579.082589
27,42,69,-585.80402
27,43,70,-589.515451
27,44,71,-595.816882
28,24,52,-420.3626804
28,25,53,-435.5049697
28,26,54,-453.160158
28,27,55,-467.361589
28,28,56,-483.99302
28,29,57,-494.244451
28,30,58,-506.465882
28,31,59,-515.467313
28,32,60,-526.848744
28,33,61,-534.670175
28,34,62,-545.271606
28,35,63,-552.103037
28,36,64,-561.764468
28,37,65,-567.865899
28,38,66,-576.81733
28,39,67,-582.618761
28,40,68,-590.410192
28,41,69,-595.001623
28,42,70,-602.243054
28,43,71,-606.364485
28,44,72,-613.175916
28,45,73,-617.4086617
29,26,55,-452.869835
29,27,56,-467.9354792
29,28,57,-484.692054
29,29,58,-497.113485
29,30,59,-509.884916
29,31,60,-519.936347
29,32,61,-531.647778
29,33,62,-540.539209
29,34,63,-551.39064
29,35,64,-559.302071
29,36,65,-569.213502
29,37,66,-576.284933
29,38,67,-585.416364
29,39,68,-591.737795
29,40,69,-599.979226
29,41,70,-605.290657
29,42,71,-613.092088
29,43,72,-618.233519
29,44,73,-625.51495
29,45,74,-630.606381
29,46,75,-636.787812
29,47,76,-641.719243
29,48,77,-647.6662577
29,49,78,-651.664221
29,50,79,-657.354102
30,28,58,-486.971088
30,29,59,-500.002519
30,30,60,-515.00395
30,31,61,-525.235381
30,32,62,-538.126812
30,33,63,-547.238243
30,34,64,-559.099674
30,35,65,-567.081105
30,36,66,-578.142536
30,37,67,-585.193967
30,38,68,-595.395398
30,39,69,-601.876829
30,40,70,-611.09826
30,41,71,-616.929691
30,42,72,-625.801122
30,43,73,-631.152553
30,44,74,-639.523984
30,45,75,-644.355415
30,46,76,-652.096846
30,47,77,-656.748277
30,48,78,-663.439708
30,49,79,-667.5960175
30,50,80,-674.09257
30,51,81,-676.5060222
30,52,82,-680.691635
31,30,61,-515.192984
31,31,62,-528.174415
31,32,63,-540.795846
31,33,64,-551.147277
31,34,65,-563.048708
31,35,66,-572.180139
31,36,67,-583.41157
31,37,68,-591.693001
31,38,69,-602.004432
31,39,70,-609.655863
31,40,71,-618.957294
31,41,72,-625.478725
31,42,73,-634.660156
31,43,74,-641.081587
31,44,75,-649.563018
31,45,76,-655.474449
31,46,77,-663.23588
31,47,78,-669.027311
31,48,79,-675.898742
31,49,80,-680.590173
31,50,81,-687.511604
31,51,82,-690.5260508
31,52,83,-694.9237748
31,53,84,-697.8321
31,54,85,-701.5533395
32,31,63,-530.3791521
32,32,64,-545.88488
32,33,65,-556.026311
32,34,66,-569.297742
32,35,67,-578.409173
32,36,68,-590.800604
32,37,69,-598.992035
32,38,70,-610.523466
32,39,71,-617.944897
32,40,72,-628.696328
32,41,73,-635.477759
32,42,74,-645.66919
32,43,75,-652.180621
32,44,76,-661.602052
32,45,77,-667.673483
32,46,78,-676.394914
32,47,79,-682.096345
32,48,80,-690.187776
32,49,81,-695.049207
32,50,82,-702.440638
32,51,83,-705.8607346
32,52,84,-711.1040496
32,53,85,-714.1503565
32,54,86,-718.49818
33,32,65,-545.7552815
33,33,66,-558.395345
33,34,67,-571.616776
33,35,68,-581.938207
33,36,69,-594.199638
33,37,70,-603.521069
33,38,71,-615.1425
33,39,72,-623.553931
33,40,73,-634.355362
33,41,74,-642.326793
33,42,75,-652.568224
33,43,76,-659.899655
33,44,77,-669.601086
33,45,78,-676.572517
33,46,79,-685.463948
33,47,80,-692.055379
33,48,81,-700.49681
33,49,82,-706.358241
33,50,83,-713.989672
33,51,84,-718.026834
33,52,85,-723.4337335
33,53,86,-727.278049
33,54,87,-732.0051327
34,33,67,-560.7588048
34,34,68,-576.47581
34,35,69,-586.627241
34,36,70,-600.448672
34,37,71,-609.590103
34,38,72,-622.431534
34,39,73,-630.832965
34,40,74,-642.894396
34,41,75,-650.925827
34,42,76,-662.077258
34,43,77,-669.498689
34,44,78,-680.00012
34,45,79,-686.961551
34,46,80,-696.872982
34,47,81,-703.574413
34,48,82,-712.845844
34,49,83,-718.667275
34,50,84,-727.348706
34,51,85,-731.900137
34,52,86,-738.081568
34,53,87,-742.192999
34,54,88,-747.56443
34,55,89,-750.7399111
34,56,90,-755.619048
34,57,91,-758.4702762
35,34,69,-575.7982794
35,35,70,-589.035748
35,36,71,-602.747706
35,37,72,-612.769137
35,38,73,-625.460568
35,39,74,-635.211999
35,40,75,-647.11343
35,41,76,-656.334861
35,42,77,-667.356292
35,43,78,-675.637723
35,44,79,-686.329154
35,45,80,-694.220585
35,46,81,-704.372016
35,47,82,-711.973447
35,48,83,-721.554878
35,49,84,-728.416309
35,50,85,-737.29774
35,51,86,-742.399171
35,52,87,-748.690602
35,53,88,-753.632033
35,54,89,-759.543464
35,55,90,-763.664895
35,56,91,-768.626326
35,57,92,-771.767757
35,58,93,-776.1406698
36,35,71,-591.825309
36,36,72,-606.91674
36,37,73,-617.598171
36,38,74,-631.449602
36,39,75,-641.511033
36,40,76,-654.272464
36,41,77,-663.503895
36,42,78,-675.585326
36,43,79,-683.916757
36,44,80,-695.438188
36,45,81,-703.309619
36,46,82,-714.28105
36,47,83,-721.742481
36,48,84,-732.263912
36,49,85,-739.385343
36,50,86,-749.246774
36,51,87,-754.758205
36,52,88,-761.809636
36,53,89,-766.921067
36,54,90,-773.232498
36,55,91,-777.643929
36,56,92,-783.19536
36,57,93,-786.496791
36,58,94,-791.8871892
36,59,95,-794.7696485
36,60,96,-799.7637216
36,61,97,-802.1768565
37,36,73,-606.2709933
37,37,74,-620.257205
37,38,75,-633.628636
37,39,76,-644.960067
37,40,77,-657.371498
37,41,78,-667.562929
37,42,79,-679.49436
37,43,80,-688.935791
37,44,81,-700.297222
37,45,82,-709.098653
37,46,83,-720.050084
37,47,84,-728.801515
37,48,85,-739.292946
37,49,86,-747.944377
37,50,87,-757.865808
37,51,88,-763.947239
37,52,89,-771.11867
37,53,90,-776.840101
37,54,91,-783.301532
37,55,92,-788.392963
37,56,93,-794.314394
37,57,94,-798.315825
37,58,95,-803.687256
37,59,96,-807.128687
37,60,97,-812.340118
37,61,98,-816.271549
37,62,99,-821.00298
37,63,100,-824.45085
37,64,101,-829.865842
37,65,102,-831.5799186
38,37,75,-622.246239
38,38,76,-637.93767
38,39,77,-649.569101
38,40,78,-663.010532
38,41,79,-673.391963
38,42,80,-686.293394
38,43,81,-695.584825
38,44,82,-708.136256
38,45,83,-716.987687
38,46,84,-728.909118
38,47,85,-737.440549
38,48,86,-748.93198
38,49,87,-757.363411
38,50,88,-768.474842
38,51,89,-774.836273
38,52,90,-782.637704
38,53,91,-788.409135
38,54,92,-795.710566
38,55,93,-800.991997
38,56,94,-807.823428
38,57,95,-812.174859
38,58,96,-818.06629
38,59,97,-821.987721
38,60,98,-827.919152
38,61,99,-831.530583
38,62,100,-837.632014
38,63,101,-840.893445
38,64,102,-846.634876
39,40,79,-665.489566
39,41,80,-676.420997
39,42,81,-689.292428
39,43,82,-699.533859
39,44,83,-711.74529
39,45,84,-721.646721
39,46,85,-733.398152
39,47,86,-742.909583
39,48,87,-754.721014
39,49,88,-764.072445
39,50,89,-775.543876
39,51,90,-782.405307
39,52,91,-790.336738
39,53,92,-796.868169
39,54,93,-804.3496
39,55,94,-810.551031
39,56,95,-817.482462
39,57,96,-822.693893
39,58,97,-828.675324
39,59,98,-832.956755
39,60,99,-838.758186
39,61,100,-843.919617
39,62,101,-849.611048
39,63,102,-854.662479
39,64,103,-859.2912608
40,40,80,-669.9386
40,41,81,-680.980031
40,42,82,-694.1682612
40,43,83,-705.092893
40,44,84,-718.1185284
40,45,85,-727.925755
40,46,86,-740.647186
40,47,87,-750.268617
40,48,88,-762.610048
40,49,89,-771.931479
40,50,90,-783.90291
40,51,91,-791.094341
40,52,92,-799.725772
40,53,93,-806.467203
40,54,94,-814.688634
40,55,95,-821.150065
40,56,96,-829.001496
40,57,97,-834.582927
40,58,98,-840.994358
40,59,99,-845.545789
40,60,100,-852.44722
40,61,101,-857.378651
40,62,102,-863.730082
40,63,103,-868.431513
40,64,104,-873.8408536
40,65,105,-877.65279
41,42,83,-696.810496
41,43,84,-707.1083292
41,44,85,-721.143358
41,45,86,-731.894789
41,46,87,-744.31622
41,47,88,-754.277651
41,48,89,-766.929082
41,49,90,-777.010513
41,50,91,-789.051944
41,51,92,-796.943375
41,52,93,-805.774806
41,53,94,-812.996237
41,54,95,-821.487668
41,55,96,-828.379099
41,56,97,-836.46053
41,57,98,-842.451961
41,58,99,-849.323392
41,59,100,-855.004823
41,60,101,-862.076254
41,61,102,-867.557685
41,62,103,-874.599116
41,63,104,-879.570547
41,64,105,-886.271978
41,65,106,-889.6861642
41,66,107,-895.2786086
41,67,108,-899.1713232
41,68,109,-904.3872463
41,69,110,-908.078677
42,43,85,-710.71322
42,44,86,-725.842392
42,45,87,-737.043823
42,46,88,-750.125254
42,47,89,-760.496685
42,48,90,-773.738116
42,49,91,-783.839547
42,50,92,-796.520978
42,51,93,-804.582409
42,52,94,-814.26384
42,53,95,-821.635271
42,54,96,-830.786702
42,55,97,-837.608133
42,56,98,-846.249564
42,57,99,-852.180995
42,58,100,-860.462426
42,59,101,-865.863857
42,60,102,-873.985288
42,61,103,-879.346719
42,62,104,-886.89815
42,63,105,-891.979581
42,64,106,-898.961012
42,65,107,-903.722443
42,66,108,-909.5930748
42,67,109,-913.5743767
42,68,110,-919.52223
42,69,111,-922.9975452
43,44,87,-726.2538063
43,45,88,-738.3053744
43,46,89,-752.1012462
43,47,90,-763.995719
43,48,91,-776.83715
43,49,92,-787.858581
43,50,93,-800.600012
43,51,94,-809.221443
43,52,95,-819.162874
43,53,96,-827.034305
43,54,97,-836.505736
43,55,98,-843.787167
43,56,99,-852.748598
43,57,100,-859.520029
43,58,101,-867.91146
43,59,102,-874.212891
43,60,103,-882.314322
43,61,104,-888.275753
43,62,105,-896.147184
43,63,106,-901.708615
43,64,107,-909.100046
43,65,108,-914.021477
43,66,109,-920.682908
43,67,110,-925.174339
43,68,111,-931.50577
43,69,112,-936.357201
43,70,113,-941.2295676
43,71,114,-945.0896286
44,45,89,-742.293464
44,46,90,-756.879156
44,47,91,-768.3065117
44,48,92,-782.439208
44,49,93,-793.487615
44,50,94,-806.859046
44,51,95,-815.810477
44,52,96,-826.501908
44,53,97,-834.613339
44,54,98,-844.79477
44,55,99,-852.266201
44,56,100,-861.937632
44,57,101,-868.739063
44,58,102,-877.960494
44,59,103,-884.191925
44,60,104,-893.093356
44,61,105,-899.004787
44,62,106,-907.466218
44,63,107,-913.137649
44,64,108,-920.95908
44,65,109,-926.210511
44,66,110,-933.411942
44,67,111,-938.173373
44,68,112,-945.054804
44,69,113,-949.846235
44,70,114,-955.9282014
44,71,115,-960.219097
44,72,116,-965.918544
44,73,117,-969.4108125
45,47,92,-770.3547412
45,48,93,-784.4387715
45,49,94,-796.4059102
45,50,95,-809.91808
45,51,96,-819.329511
45,52,97,-830.310942
45,53,98,-838.972373
45,54,99,-849.433804
45,55,100,-857.515235
45,56,101,-867.416666
45,57,102,-874.858097
45,58,103,-884.169528
45,59,104,-891.170959
45,60,105,-900.14239
45,61,106,-906.723821
45,62,107,-915.295252
45,63,108,-921.526683
45,64,109,-929.588114
45,65,110,-935.429545
45,66,111,-943.080976
45,67,112,-948.532407
45,68,113,-955.543838
45,69,114,-960.565269
45,70,115,-967.2167
45,71,116,-971.818131
45,72,117,-978.0353622
45,73,118,-982.0967602
45,74,119,-988.1040407
45,76,121,-997.6740037
46,46,92,-761.352394
46,47,93,-773.6264241
46,48,94,-788.8182208
46,49,95,-800.7531665
46,50,96,-815.097114
46,51,97,-824.738545
46,52,98,-836.309976
46,53,99,-845.271407
46,54,100,-856.382838
46,55,101,-864.654269
46,56,102,-875.2257
46,57,103,-882.847131
46,58,104,-892.828562
46,59,105,-899.919993
46,60,106,-909.481424
46,61,107,-916.022855
46,62,108,-925.244286
46,63,109,-931.405717
46,64,110,-940.217148
46,65,111,-945.938579
46,66,112,-954.35001
46,67,113,-959.771441
46,68,114,-967.652872
46,69,115,-972.624303
46,70,116,-980.255734
46,71,117,-984.897165
46,72,118,-991.908596
46,73,119,-995.9061686
46,74,120,-1002.731458
46,75,121,-1006.823866
46,76,122,-1013.329011
46,77,123,-1017.213911
47,49,96,-802.5878688
47,50,97,-816.976148
47,51,98,-827.287579
47,52,99,-839.05901
47,53,100,-848.520441
47,54,101,-859.661872
47,55,102,-868.773303
47,56,103,-879.374734
47,57,104,-887.766165
47,58,105,-897.797596
47,59,106,-905.739027
47,60,107,-915.270458
47,61,108,-922.541889
47,62,109,-931.73332
47,63,110,-938.544751
47,64,111,-947.376182
47,65,112,-953.847613
47,66,113,-962.329044
47,67,114,-968.320475
47,68,115,-976.431906
47,69,116,-982.083337
47,70,117,-989.844768
47,71,118,-995.226199
47,72,119,-1002.28763
47,73,120,-1007.449061
47,74,121,-1014.530492
47,75,122,-1019.03661
47,76,123,-1025.570396
47,77,124,-1030.303079
47,78,125,-1036.664388
48,49,97,-806.0992261
48,50,98,-821.075182
48,51,99,-831.4389666
48,52,100,-843.838044
48,53,101,-853.409475
48,54,102,-865.410906
48,55,103,-874.452337
48,56,104,-885.843768
48,57,105,-894.275199
48,58,106,-905.14663
48,59,107,-913.078061
48,60,108,-923.409492
48,61,109,-930.740923
48,62,110,-940.652354
48,63,111,-947.633785
48,64,112,-957.025216
48,65,113,-963.566647
48,66,114,-972.608078
48,67,115,-978.749509
48,68,116,-987.45094
48,69,117,-993.232371
48,70,118,-1001.583802
48,71,119,-1006.855233
48,72,120,-1014.986664
48,73,121,-1020.148095
48,74,122,-1027.889526
48,75,123,-1032.540957
48,76,124,-1040.012388
48,77,125,-1044.733819
48,78,126,-1051.77525
48,79,127,-1056.036681
48,80,128,-1062.878112
48,81,129,-1066.769512
48,82,130,-1073.300974
48,83,131,-1075.001772
48,84,132,-1078.326757
49,51,100,-832.975647
49,52,101,-845.413026
49,53,102,-855.658509
49,54,103,-867.61994
49,55,104,-877.201371
49,56,105,-888.642802
49,57,106,-897.844233
49,58,107,-908.865664
49,59,108,-917.497095
49,60,109,-927.938526
49,61,110,-935.989957
49,62,111,-945.991388
49,63,112,-953.662819
49,64,113,-963.10425
49,65,114,-970.375681
49,66,115,-979.417112
49,67,116,-986.198543
49,68,117,-994.959974
49,69,118,-1001.321405
49,70,119,-1009.862836
49,71,120,-1015.974267
49,72,121,-1024.145698
49,73,122,-1029.957129
49,74,123,-1037.87856
49,75,124,-1043.399991
49,76,125,-1051.071422
49,77,126,-1056.472853
49,78,127,-1063.724284
49,79,128,-1069.165715
49,80,129,-1075.817146
49,81,130,-1080.838577
49,82,131,-1087.160008
49,83,132,-1089.511439
50,50,100,-824.80325
50,51,101,-836.391403
50,52,102,-849.096112
50,54,104,-871.898974
50,55,105,-881.640405
50,56,106,-893.881836
50,57,107,-903.103267
50,58,108,-914.634698
50,59,109,-923.306129
50,60,110,-934.57756
50,61,111,-942.748991
50,62,112,-953.540422
50,63,113,-961.281853
50,64,114,-971.583284
50,65,115,-979.134715
50,66,116,-988.696146
50,67,117,-995.637577
50,68,118,-1004.969008
50,69,119,-1011.450439
50,70,120,-1020.56187
50,71,121,-1026.723301
50,72,122,-1035.544732
50,73,123,-1041.486163
50,74,124,-1049.977594
50,75,125,-1055.709025
50,76,126,-1063.900456
50,77,127,-1069.451887
50,78,128,-1077.353318
50,79,129,-1082.684749
50,80,130,-1090.30618
50,81,131,-1095.547611
50,82,132,-1102.859042
50,83,133,-1105.330473
50,84,134,-1109.251904
50,85,135,-1111.14284
51,54,105,-871.418008
51,55,106,-882.1333144
51,56,107,-894.3845808
51,57,108,-904.2479928
51,58,109,-916.143732
51,59,110,-925.395031
51,60,111,-936.916594
51,61,112,-945.698025
51,62,113,-956.589456
51,63,114,-964.750887
51,64,115,-975.312318
51,65,116,-983.203749
51,66,117,-993.09518
51,67,118,-1000.526611
51,68,119,-1010.078042
51,69,120,-1017.089473
51,70,121,-1026.340904
51,71,122,-1033.142335
51,72,123,-1042.103766
51,73,124,-1048.575197
51,74,125,-1057.286628
51,75,126,-1063.498059
51,76,127,-1071.86949
51,77,128,-1077.850921
51,78,129,-1085.942352
51,79,130,-1091.673783
51,80,131,-1099.445214
51,81,132,-1105.196645
51,82,133,-1112.538076
51,83,134,-1115.839507
51,84,135,-1119.450938
51,85,136,-1122.306449
51,86,137,-1125.931267
52,52,104,-848.3618624
52,53,105,-859.617864
52,54,106,-873.097042
52,56,108,-896.749904
52,57,109,-906.711335
52,58,110,-919.452766
52,59,111,-928.734197
52,60,112,-940.615628
52,61,113,-949.737059
52,62,114,-961.34849
52,63,115,-969.589921
52,64,116,-980.871352
52,65,117,-988.772783
52,66,118,-999.464214
52,67,119,-1006.995645
52,68,120,-1017.287076
52,69,121,-1024.508507
52,70,122,-1034.339938
52,71,123,-1041.271369
52,72,124,-1050.7028
52,73,125,-1057.264231
52,74,126,-1066.385662
52,75,127,-1072.667093
52,76,128,-1081.448524
52,77,129,-1087.529955
52,78,130,-1095.951386
52,79,131,-1101.882817
52,80,132,-1109.924248
52,81,133,-1115.755679
52,82,134,-1123.44711
52,83,135,-1126.788541
52,84,136,-1131.459972
52,85,137,-1134.661403
52,86,138,-1138.855847
52,87,139,-1141.436252
52,88,140,-1145.669938
53,56,109,-895.928938
53,57,110,-906.848437
53,58,111,-919.4057073
53,59,112,-929.5865712
53,60,113,-941.734662
53,61,114,-951.304806
53,62,115,-963.087524
53,63,116,-972.308955
53,64,117,-983.320386
53,65,118,-991.931817
53,66,119,-1002.803248
53,67,120,-1010.894679
53,68,121,-1021.46611
53,69,122,-1029.327541
53,70,123,-1039.258972
53,71,124,-1046.750403
53,72,125,-1056.301834
53,73,126,-1063.443265
53,74,127,-1072.584696
53,75,128,-1079.416127
53,76,129,-1088.247558
53,77,130,-1094.748989
53,78,131,-1103.33042
53,79,132,-1109.661851
53,80,133,-1117.923282
53,81,134,-1124.174713
53,82,135,-1131.966144
53,83,136,-1135.747575
53,84,137,-1140.819006
53,85,138,-1144.720437
53,86,139,-1149.301868
53,87,140,-1152.12636
53,88,141,-1156.518124
53,89,142,-1159.465741
54,54,108,-872.0879688
54,55,109,-883.6964739
54,56,110,-897.507972
54,58,112,-921.720834
54,59,113,-931.912265
54,60,114,-944.983696
54,61,115,-954.625127
54,62,116,-967.086558
54,63,117,-976.287989
54,64,118,-988.25942
54,65,119,-997.040851
54,66,120,-1008.492282
54,67,121,-1016.863713
54,68,122,-1027.825144
54,69,123,-1035.786575
54,70,124,-1046.268006
54,71,125,-1053.869437
54,72,126,-1063.920868
54,73,127,-1071.142299
54,74,128,-1080.75373
54,75,129,-1087.665161
54,76,130,-1096.916592
54,77,131,-1103.528023
54,78,132,-1112.459454
54,79,133,-1118.890885
54,80,134,-1127.442316
54,81,135,-1133.813747
54,82,136,-1141.895178
54,83,137,-1145.916609
54,84,138,-1151.75804
54,85,139,-1155.319471
54,86,140,-1160.740902
54,87,141,-1164.152333
54,88,142,-1169.363764
54,89,143,-1172.154627
54,90,144,-1176.895368
54,91,145,-1179.587717
54,92,146,-1184.120648
55,58,113,-920.739868
55,59,114,-931.7871054
55,62,117,-967.765592
55,63,118,-977.807023
55,64,119,-989.778454
55,65,120,-999.429885
55,66,121,-1010.711316
55,67,122,-1019.822747
55,68,123,-1030.794178
55,69,124,-1039.555609
55,70,125,-1049.98704
55,71,126,-1058.318471
55,72,127,-1068.279902
55,73,128,-1076.041333
55,74,129,-1085.682764
55,75,130,-1093.154195
55,76,131,-1102.385626
55,77,132,-1109.557057
55,78,133,-1118.538488
55,79,134,-1125.429919
55,80,135,-1134.19135
55,81,136,-1141.022781
55,82,137,-1149.304212
55,83,138,-1153.715643
55,84,139,-1159.597074
55,85,140,-1164.018505
55,86,141,-1169.519936
55,87,142,-1173.621367
55,88,143,-1178.852798
55,89,144,-1182.524229
55,90,145,-1187.38566
55,91,146,-1191.017091
55,92,147,-1195.488522
55,93,148,-1198.839953
56,58,114,-922.278902
56,61,117,-957.9906882
56,63,119,-981.276057
56,64,120,-993.647488
56,65,121,-1003.568919
56,66,122,-1015.51035
56,67,123,-1024.621781
56,68,124,-1036.133212
56,69,125,-1044.784643
56,70,126,-1055.856074
56,71,127,-1064.077505
56,72,128,-1074.728936
56,73,129,-1082.470367
56,74,130,-1092.731798
56,75,131,-1100.223229
56,76,132,-1110.04466
56,77,133,-1117.236091
56,78,134,-1126.707522
56,79,135,-1133.678953
56,80,136,-1142.790384
56,81,137,-1149.691815
56,82,138,-1158.303246
56,83,139,-1163.024677
56,84,140,-1169.456108
56,85,141,-1173.987539
56,86,142,-1180.14897
56,87,143,-1184.340401
56,88,144,-1190.241832
56,89,145,-1193.963263
56,90,146,-1199.614694
56,91,147,-1202.936354
56,92,148,-1208.767556
56,93,149,-1211.645576
56,94,150,-1216.776075
57,67,124,-1026.520815
57,68,125,-1038.092246
57,69,126,-1047.373677
57,70,127,-1058.375108
57,71,128,-1067.176539
57,72,129,-1077.94797
57,73,130,-1086.319401
57,74,131,-1096.530832
57,75,132,-1104.572263
57,76,133,-1114.393694
57,77,134,-1122.195125
57,78,135,-1131.696556
57,79,136,-1139.157987
57,80,137,-1148.289418
57,81,138,-1155.790849
57,82,139,-1164.56228
57,83,140,-1169.723711
57,84,141,-1176.415142
57,85,142,-1181.586573
57,86,143,-1187.808004
57,87,144,-1192.579435
57,88,145,-1198.750866
57,89,146,-1202.952297
57,90,147,-1208.753728
57,91,148,-1213.105159
57,92,149,-1218.252534
57,93,150,-1222.415085
57,94,151,-1227.485584
58,68,126,-1042.44128
58,69,127,-1051.672711
58,70,128,-1063.294142
58,71,129,-1072.125573
58,72,130,-1083.327004
58,73,131,-1091.688435
58,74,132,-1102.519866
58,75,133,-1110.541297
58,76,134,-1121.032728
58,77,135,-1128.884159
58,78,136,-1138.80559
58,79,137,-1146.287021
58,80,138,-1156.048452
58,81,139,-1163.499883
58,82,140,-1172.701314
58,83,141,-1178.132745
58,84,142,-1185.304176
58,85,143,-1190.445607
58,86,144,-1197.347038
58,87,145,-1202.078469
58,88,146,-1208.7299
58,89,147,-1213.151331
58,90,148,-1219.582762
58,91,149,-1223.954193
58,92,150,-1230.155624
58,93,151,-1234.907055
59,69,128,-1053.311745
59,70,129,-1064.823176
59,71,130,-1074.304607
59,72,131,-1085.476038
59,73,132,-1094.477469
59,74,133,-1105.2789
59,75,134,-1113.920331
59,76,135,-1124.421762
59,77,136,-1132.883193
59,78,137,-1142.804624
59,79,138,-1150.826055
59,80,139,-1160.587486
59,81,140,-1168.528917
59,82,141,-1177.930348
59,83,142,-1183.771779
59,84,143,-1191.12321
59,85,144,-1196.884641
59,86,145,-1203.826072
59,87,146,-1208.977503
59,88,147,-1215.798934
59,89,148,-1220.940365
59,90,149,-1227.541796
59,91,150,-1232.853227
59,92,151,-1239.394658
59,93,152,-1244.506089
59,94,153,-1250.39752
59,95,154,-1255.038951
59,96,155,-1260.311169
59,97,156,-1264.416457
59,98,157,-1269.473269
60,70,130,-1068.94221
60,71,131,-1078.183641
60,72,132,-1089.915072
60,73,133,-1098.886503
60,74,134,-1110.277934
60,75,135,-1118.909365
60,76,136,-1129.970796
60,77,137,-1138.422227
60,78,138,-1148.933658
60,79,139,-1156.975089
60,80,140,-1167.30652
60,81,141,-1175.327951
60,82,142,-1185.159382
60,83,143,-1191.280813
60,84,144,-1199.092244
60,85,145,-1204.853675
60,86,146,-1212.415106
60,87,147,-1217.706537
60,88,148,-1225.037968
60,89,149,-1230.079399
60,90,150,-1237.46083
60,91,151,-1242.792261
60,92,152,-1250.073692
60,93,153,-1255.335123
60,94,154,-1261.746554
60,95,155,-1266.397275
60,96,156,-1272.729416
60,97,157,-1276.750235
60,98,158,-1282.162558
60,99,159,-1286.122762
60,100,160,-1291.194592
61,72,133,-1091.184106
61,73,134,-1100.585537
61,74,135,-1111.896968
61,75,136,-1121.188399
61,76,137,-1132.12983
61,77,138,-1141.071261
61,78,139,-1151.702692
61,79,140,-1160.484123
61,80,141,-1170.865554
61,81,142,-1179.576985
61,82,143,-1189.458416
61,83,144,-1195.979847
61,84,145,-1203.901278
61,85,146,-1210.162709
61,86,147,-1217.82414
61,87,148,-1223.715571
61,88,149,-1230.987002
61,89,150,-1236.588433
61,90,151,-1244.449864
61,91,152,-1250.391295
61,92,153,-1257.882726
61,93,154,-1263.774157
61,94,155,-1270.315588
61,95,156,-1275.637019
61,96,157,-1281.85845
61,97,158,-1286.649881
61,98,159,-1292.170756
61,99,160,-1296.582368
61,100,161,-1301.84563
62,73,135,-1103.994571
62,74,136,-1116.016002
62,75,137,-1125.307433
62,76,138,-1136.848864
62,77,139,-1145.800295
62,78,140,-1156.951726
62,79,141,-1165.503157
62,80,142,-1176.624588
62,81,143,-1185.226019
62,82,144,-1195.74745
62,83,145,-1202.508881
62,84,146,-1210.920312
62,85,147,-1217.261743
62,86,148,-1225.403174
62,87,149,-1231.274605
62,88,150,-1239.266036
62,89,151,-1244.857467
62,90,152,-1253.118898
62,91,153,-1258.990329
62,92,154,-1266.95176
62,93,155,-1272.763191
62,94,156,-1280.004622
62,95,157,-1285.436053
62,96,158,-1291.987484
62,97,159,-1297.058915
62,98,160,-1303.138544
62,99,161,-1307.64873
62,100,162,-1313.427069
62,101,163,-1317.718944
62,102,164,-1323.115969
63,74,137,-1116.628611
63,75,138,-1126.316467
63,76,139,-1138.037898
63,77,140,-1147.699329
63,78,141,-1158.71076
63,79,142,-1168.172191
63,80,143,-1179.163622
63,81,144,-1188.615053
63,82,145,-1199.066484
63,83,146,-1206.257915
63,84,147,-1214.759346
63,85,148,-1221.580777
63,86,149,-1229.802208
63,87,150,-1236.223639
63,88,151,-1244.15507
63,89,152,-1250.456501
63,90,153,-1259.007932
63,91,154,-1265.449363
63,92,155,-1273.600794
63,93,156,-1279.942225
63,94,157,-1287.393656
63,95,158,-1293.205087
63,96,159,-1300.116518
63,97,160,-1305.61648
63,98,161,-1311.985941
63,99,162,-1316.988607
63,100,163,-1322.910804
63,101,164,-1327.64045
63,102,165,-1333.208729
64,76,140,-1141.706932
64,77,141,-1151.218363
64,78,142,-1163.029794
64,79,143,-1172.371225
64,80,144,-1183.972656
64,81,145,-1193.214087
64,82,146,-1204.445518
64,83,147,-1211.786949
64,84,148,-1220.77838
64,85,149,-1227.699811
64,86,150,-1236.411242
64,87,151,-1242.902673
64,88,152,-1251.494104
64,89,153,-1257.745535
64,90,154,-1266.636966
64,91,155,-1273.078397
64,92,156,-1281.609828
64,93,157,-1287.971259
64,94,158,-1295.91269
64,95,159,-1301.854121
64,96,160,-1309.305552
64,97,161,-1314.936983
64,98,162,-1321.788414
64,99,163,-1326.943228
64,100,164,-1333.319639
64,101,165,-1338.223062
64,102,166,-1344.139516
64,103,167,-1348.615648
65,75,140,-1129.624535
65,76,141,-1141.755966
65,77,142,-1151.834136
65,78,143,-1163.788828
65,79,144,-1173.800259
65,80,145,-1185.38169
65,81,146,-1195.343121
65,82,147,-1206.394552
65,83,148,-1214.255983
65,84,149,-1223.287414
65,85,150,-1230.968845
65,86,151,-1239.560276
65,87,152,-1246.721707
65,88,153,-1255.393138
65,89,154,-1262.304569
65,90,155,-1271.466
65,91,156,-1278.387431
65,92,157,-1287.128862
65,93,158,-1293.910293
65,94,159,-1302.041724
65,95,160,-1308.413155
65,96,161,-1316.114586
65,97,162,-1322.396017
65,98,163,-1329.387448
65,99,164,-1334.938879
65,100,165,-1341.503774
65,101,166,-1346.761741
65,102,167,-1352.940647
65,103,168,-1357.910064
66,77,143,-1154.732536
66,78,144,-1167.227862
66,79,145,-1177.009293
66,80,146,-1189.340724
66,81,147,-1199.052155
66,82,148,-1210.793586
66,83,149,-1218.715017
66,84,150,-1228.396448
66,85,151,-1235.907879
66,86,152,-1245.33931
66,87,153,-1252.440741
66,88,154,-1261.762172
66,89,155,-1268.593603
66,90,156,-1278.035034
66,91,157,-1285.006465
66,92,158,-1294.057896
66,93,159,-1300.889327
66,94,160,-1309.470758
66,95,161,-1315.922189
66,96,162,-1324.12362
66,97,163,-1330.395051
66,98,164,-1338.046482
66,99,165,-1343.767913
66,100,166,-1350.809344
66,101,167,-1356.230775
66,102,168,-1362.922206
66,103,169,-1368.033637
67,77,144,-1154.462069
67,78,145,-1167.043984
67,79,146,-1177.23342
67,80,147,-1189.919758
67,81,148,-1200.161189
67,82,149,-1211.91262
67,83,150,-1220.244051
67,84,151,-1229.995482
67,85,152,-1238.046913
67,86,153,-1247.528344
67,87,154,-1255.219775
67,88,155,-1264.691206
67,89,156,-1272.082637
67,90,157,-1281.624068
67,91,158,-1289.055499
67,92,159,-1298.27693
67,93,160,-1305.398361
67,94,161,-1314.279792
67,95,162,-1321.201223
67,96,163,-1329.602654
67,97,164,-1336.284085
67,98,165,-1344.265516
67,99,166,-1350.516947
67,100,167,-1357.798378
67,101,168,-1363.649809
67,102,169,-1370.45124
67,103,170,-1375.962671
67,104,171,-1382.324102
68,78,146,-1169.534854
68,79,147,-1179.891972
68,80,148,-1192.834475
68,81,149,-1203.180223
68,82,150,-1215.341654
68,83,151,-1223.853085
68,84,152,-1234.154516
68,85,153,-1242.215947
68,86,154,-1252.407378
68,87,155,-1260.088809
68,88,156,-1270.15024
68,89,157,-1277.431671
68,90,158,-1287.383102
68,91,159,-1294.724533
68,92,160,-1304.285964
68,93,161,-1311.507395
68,94,162,-1320.708826
68,95,163,-1327.610257
68,96,164,-1336.461688
68,97,165,-1343.113119
68,98,166,-1351.58455
68,99,167,-1358.025981
68,100,168,-1365.797412
68,101,169,-1371.798843
68,102,170,-1379.060274
68,103,171,-1384.731705
68,104,172,-1391.573136
69,78,147,-1168.476217
69,79,148,-1179.338163
69,82,151,-1215.580688
69,83,152,-1224.642119
69,84,153,-1234.95355
69,85,154,-1243.444981
69,86,155,-1253.716412
69,87,156,-1261.997843
69,88,157,-1271.939274
69,89,158,-1280.000705
69,90,159,-1289.942136
69,91,160,-1297.743567
69,92,161,-1307.414998
69,93,162,-1315.066429
69,94,163,-1324.39786
69,95,164,-1331.619291
69,96,165,-1340.740722
69,97,166,-1347.762153
69,98,167,-1356.493584
69,99,168,-1363.335015
69,100,169,-1371.366446
69,101,170,-1377.957877
69,102,171,-1385.449308
69,103,172,-1391.680739
69,104,173,-1398.63217
69,105,174,-1404.313601
69,106,175,-1410.835032
69,107,176,-1415.956463
70,81,151,-1205.558291
70,82,152,-1218.399722
70,84,154,-1238.162584
70,85,155,-1246.804015
70,86,156,-1257.635446
70,87,157,-1265.886877
70,88,158,-1276.528308
70,89,159,-1284.429739
70,90,160,-1294.83117
70,91,161,-1302.572601
70,92,162,-1312.634032
70,93,163,-1320.175463
70,94,164,-1329.966894
70,95,165,-1337.308325
70,96,166,-1346.679756
70,97,167,-1353.751187
70,98,168,-1362.812618
70,99,169,-1369.674049
70,100,170,-1378.14548
70,101,171,-1384.756911
70,102,172,-1392.778342
70,103,173,-1399.149773
70,104,174,-1406.611204
70,105,175,-1412.432635
70,106,176,-1419.294066
70,107,177,-1424.865497
70,108,178,-1431.646928
71,82,153,-1217.788756
71,84,155,-1238.071618
71,85,156,-1247.343049
71,86,157,-1258.14448
71,87,158,-1266.945911
71,88,159,-1277.527342
71,89,160,-1286.148773
71,90,161,-1296.510204
71,91,162,-1304.861635
71,92,163,-1314.883066
71,93,164,-1322.804497
71,94,165,-1332.675928
71,95,166,-1340.327359
71,96,167,-1349.87879
71,97,168,-1357.510221
71,98,169,-1366.601652
71,99,170,-1373.903083
71,100,171,-1382.494514
71,101,172,-1389.475945
71,102,173,-1397.697376
71,103,174,-1404.458807
71,104,175,-1412.120238
71,105,176,-1418.411669
71,106,177,-1425.4831
71,107,178,-1431.504531
71,108,179,-1438.295962
71,109,180,-1443.997393
71,110,181,-1450.159348
71,112,183,-1461.220688
72,84,156,-1240.660652
72,86,158,-1261.053514
72,87,159,-1269.874945
72,88,160,-1281.036376
72,89,161,-1289.487807
72,90,162,-1300.409238
72,91,163,-1308.600669
72,92,164,-1319.2021
72,93,165,-1327.093531
72,94,166,-1337.384962
72,95,167,-1345.066393
72,96,168,-1355.027824
72,97,169,-1362.459255
72,98,170,-1372.060686
72,99,171,-1379.312117
72,100,172,-1388.353548
72,101,173,-1395.434979
72,102,174,-1403.94641
72,103,175,-1410.647841
72,104,176,-1418.819272
72,105,177,-1425.200703
72,106,178,-1432.822134
72,107,179,-1438.923565
72,108,180,-1446.314996
72,109,181,-1452.006427
72,110,182,-1458.727858
72,111,183,-1464.029289
72,112,184,-1470.31072
72,113,185,-1475.184654
72,114,186,-1481.360395
73,84,157,-1239.729686
73,86,159,-1260.692548
73,87,160,-1270.193979
73,88,161,-1281.14945
73,89,162,-1290.236841
73,90,163,-1301.068272
73,91,164,-1309.879703
73,92,165,-1320.521134
73,93,166,-1328.842565
73,94,167,-1339.163996
73,95,168,-1347.275427
73,96,169,-1357.246858
73,97,170,-1365.168289
73,98,171,-1374.81972
73,99,172,-1382.501151
73,100,173,-1391.642582
73,101,174,-1399.054013
73,102,175,-1407.795444
73,103,176,-1414.826875
73,104,177,-1423.248306
73,105,178,-1430.109737
73,106,179,-1438.041168
73,107,180,-1444.682599
73,108,181,-1452.25403
73,109,182,-1458.315461
73,110,183,-1465.256892
73,111,184,-1470.868323
73,112,185,-1477.499754
73,113,186,-1482.781185
73,114,187,-1489.1207
74,86,160,-1262.891582
74,88,162,-1283.674444
74,89,163,-1292.655875
74,90,164,-1304.047306
74,91,165,-1312.748737
74,92,166,-1323.850168
74,93,167,-1332.121599
74,94,168,-1342.99303
74,95,169,-1351.094461
74,96,170,-1361.535892
74,97,171,-1369.407323
74,98,172,-1379.488754
74,99,173,-1387.190185
74,100,174,-1396.761616
74,101,175,-1404.233047
74,102,176,-1413.314478
74,103,177,-1420.445909
74,104,178,-1429.23734
74,105,179,-1436.188771
74,106,180,-1444.600202
74,107,181,-1451.281633
74,108,182,-1459.353064
74,109,183,-1465.544495
74,110,184,-1472.955926
74,111,185,-1478.707357
74,112,186,-1485.898788
74,113,187,-1491.360219
74,114,188,-1498.20165
74,115,189,-1503.083081
74,116,190,-1509.974512
74,117,191,-1514.904257
75,86,161,-1261.700616
75,88,163,-1282.973478
75,89,164,-1292.492577
75,90,165,-1303.76634
75,91,166,-1313.000107
75,93,168,-1333.110633
75,94,169,-1343.782064
75,95,170,-1352.383495
75,96,171,-1362.784926
75,97,172,-1371.126357
75,98,173,-1381.227788
75,99,174,-1389.419219
75,100,175,-1399.11065
75,101,176,-1406.952081
75,102,177,-1416.233512
75,103,178,-1423.684943
75,104,179,-1432.696374
75,105,180,-1440.017805
75,106,181,-1448.759236
75,107,182,-1455.770667
75,108,183,-1464.202098
75,109,184,-1470.693529
75,110,185,-1478.35496
75,111,186,-1484.536391
75,112,187,-1491.897822
75,113,188,-1497.769253
75,114,189,-1504.800684
75,115,190,-1510.462115
75,116,191,-1517.313546
75,117,192,-1522.605869
75,118,193,-1529.319995
76,88,164,-1284.712512
76,90,166,-1305.835374
76,91,167,-1314.966805
76,92,168,-1326.528236
76,93,169,-1335.329667
76,94,170,-1346.611098
76,95,171,-1355.042529
76,96,172,-1366.06396
76,97,173,-1374.335391
76,98,174,-1384.966822
76,99,175,-1393.138253
76,100,176,-1403.209684
76,101,177,-1411.131115
76,102,178,-1420.802546
76,103,179,-1428.343977
76,104,180,-1437.755408
76,105,181,-1445.016839
76,106,182,-1454.14827
76,107,183,-1461.269701
76,108,184,-1469.941132
76,109,185,-1476.562563
76,110,186,-1484.823994
76,111,187,-1491.115425
76,112,188,-1499.106856
76,113,189,-1505.028287
76,114,190,-1512.819718
76,115,191,-1518.571149
76,116,192,-1526.13258
76,117,193,-1531.714011
76,118,194,-1538.825442
76,119,195,-1544.156873
76,120,196,-1550.818304
77,90,167,-1304.764408
77,91,168,-1314.406951
77,92,169,-1325.90727
77,94,171,-1346.400132
77,95,172,-1355.405356
77,96,173,-1366.382994
77,97,174,-1375.054425
77,98,175,-1385.685856
77,99,176,-1394.187287
77,100,177,-1404.448718
77,101,178,-1412.720149
77,102,179,-1422.62158
77,103,180,-1430.593011
77,104,181,-1440.154442
77,105,182,-1447.805873
77,106,183,-1457.027304
77,107,184,-1464.508735
77,108,185,-1473.310166
77,109,186,-1480.211597
77,110,187,-1488.833028
77,111,188,-1495.514459
77,112,189,-1503.70589
77,113,190,-1510.077321
77,114,191,-1518.108752
77,115,192,-1524.300183
77,116,193,-1532.071614
77,117,194,-1538.143045
77,118,195,-1545.374476
77,119,196,-1551.195907
77,120,197,-1558.097338
77,122,199,-1570.3702
78,90,168,-1306.013442
78,92,170,-1327.426304
78,93,171,-1336.657735
78,94,172,-1348.359166
78,95,173,-1357.270597
78,96,174,-1368.722028
78,97,175,-1377.163459
78,98,176,-1388.47489
78,99,177,-1396.986321
78,100,178,-1407.687752
78,101,179,-1416.019183
78,102,180,-1426.270614
78,103,181,-1434.282045
78,104,182,-1444.143476
78,105,183,-1451.814907
78,106,184,-1461.446338
78,107,185,-1468.867769
78,108,186,-1478.1192
78,109,187,-1485.040631
78,110,188,-1494.222062
78,111,189,-1500.953493
78,112,190,-1509.864924
78,113,191,-1516.316355
78,114,192,-1524.977786
78,115,193,-1531.239217
78,116,194,-1539.590648
78,117,195,-1545.702079
78,118,196,-1553.62351
78,119,197,-1559.464941
78,120,198,-1567.026372
78,121,199,-1572.577803
78,122,200,-1579.859234
78,123,201,-1585.070665
78,124,202,-1592.075302
79,92,171,-1325.975338
79,93,172,-1335.779296
79,94,173,-1347.3682
79,96,175,-1368.131062
79,97,176,-1377.267531
79,98,177,-1388.383924
79,99,178,-1397.235355
79,100,179,-1407.926786
79,101,180,-1416.648217
79,102,181,-1426.989648
79,103,182,-1435.491079
79,104,183,-1445.45251
79,105,184,-1453.653941
79,106,185,-1463.275372
79,107,186,-1471.196803
79,108,187,-1480.558234
79,109,188,-1487.919665
79,110,189,-1497.271096
79,111,190,-1504.642527
79,112,191,-1513.643958
79,113,192,-1520.685389
79,114,193,-1529.36682
79,115,194,-1536.308251
79,116,195,-1544.689682
79,117,196,-1551.331113
79,118,197,-1559.402544
79,119,198,-1565.913975
79,120,199,-1573.495406
79,121,200,-1579.746837
79,122,201,-1586.948268
79,123,202,-1593.019699
79,124,203,-1599.83113
80,92,172,-1326.784372
80,94,174,-1348.487234
80,95,175,-1357.898665
80,96,176,-1369.760096
80,97,177,-1378.831527
80,98,178,-1390.442958
80,99,179,-1399.114389
80,100,180,-1410.51582
80,101,181,-1418.997251
80,102,182,-1429.988682
80,103,183,-1438.280113
80,104,184,-1448.901544
80,105,185,-1456.802975
80,106,186,-1467.234406
80,107,187,-1474.885837
80,108,188,-1485.037268
80,109,189,-1492.538699
80,110,190,-1502.35013
80,111,191,-1509.641561
80,112,192,-1519.132992
80,113,193,-1526.244423
80,114,194,-1535.455854
80,115,195,-1542.337285
80,116,196,-1551.238716
80,117,197,-1558.020147
80,118,198,-1566.501578
80,119,199,-1573.173009
80,120,200,-1581.19444
80,121,201,-1587.425871
80,122,202,-1595.187302
80,123,203,-1601.178733
80,124,204,-1608.670164
80,125,205,-1614.341595
80,126,206,-1621.073026
80,127,207,-1624.414457
80,128,208,-1629.511811
81,95,176,-1356.597141
81,96,177,-1368.59913
81,98,179,-1389.711992
81,99,180,-1398.85758
81,100,181,-1410.354854
81,101,182,-1418.976285
81,102,183,-1430.287716
81,103,184,-1438.659147
81,104,185,-1449.600578
81,105,186,-1458.102009
81,106,187,-1468.42344
81,107,188,-1476.404871
81,108,189,-1486.726302
81,109,190,-1494.527733
81,110,191,-1504.549164
81,111,192,-1512.210595
81,112,193,-1521.732026
81,113,194,-1529.313457
81,114,195,-1538.714888
81,115,196,-1546.126319
81,116,197,-1555.03775
81,117,198,-1562.259181
81,118,199,-1570.900612
81,119,200,-1577.962043
81,120,201,-1586.163474
81,121,202,-1593.034905
81,122,203,-1600.886336
81,123,204,-1607.547767
81,124,205,-1615.089198
81,125,206,-1621.590629
81,126,207,-1628.44206
81,127,208,-1632.233491
81,128,209,-1637.194922
81,129,210,-1640.876353
81,130,211,-1645.756007
81,132,213,-1654.036824
82,96,178,-1368.988164
82,97,179,-1378.561877
82,98,180,-1390.641026
82,99,181,-1399.912457
82,100,182,-1411.673888
82,101,183,-1420.485319
82,102,184,-1432.03675
82,103,185,-1440.598181
82,104,186,-1451.809612
82,105,187,-1460.181043
82,106,188,-1471.092474
82,107,189,-1479.223905
82,108,190,-1489.835336
82,109,191,-1497.736767
82,110,192,-1508.118198
82,111,193,-1515.819629
82,112,194,-1525.91106
82,113,195,-1533.482491
82,114,196,-1543.203922
82,115,197,-1550.665353
82,116,198,-1560.036784
82,117,199,-1567.288215
82,118,200,-1576.369646
82,119,201,-1583.461077
82,120,202,-1592.202508
82,121,203,-1599.133939
82,122,204,-1607.52537
82,123,205,-1614.256801
82,124,206,-1622.338232
82,125,207,-1629.079663
82,126,208,-1636.451094
82,127,209,-1640.382525
82,128,210,-1645.573956
82,129,211,-1649.405387
82,130,212,-1654.536818
82,131,213,-1658.238249
82,132,214,-1663.30968
82,133,215,-1666.838692
83,103,186,-1439.517215
83,104,187,-1450.788646
83,105,188,-1459.690077
83,106,189,-1470.621508
83,107,190,-1479.532939
83,108,191,-1489.94437
83,109,192,-1498.325801
83,110,193,-1508.717232
83,111,194,-1516.908663
83,112,195,-1527.010094
83,113,196,-1535.071525
83,114,197,-1544.822956
83,115,198,-1552.574387
83,116,199,-1562.075818
83,117,200,-1569.717249
83,118,201,-1578.83868
83,119,202,-1586.220111
83,120,203,-1595.101542
83,121,204,-1602.302973
83,122,205,-1610.764404
83,123,206,-1617.805835
83,124,207,-1625.897266
83,125,208,-1632.788697
83,126,209,-1640.250128
83,127,210,-1644.851559
83,128,211,-1649.99299
83,129,212,-1654.324421
83,130,213,-1659.505852
83,131,214,-1663.547283
83,132,215,-1668.768714
83,133,216,-1672.620145
83,134,217,-1677.811255
83,135,218,-1681.396504
84,102,186,-1431.446477
84,103,187,-1440.795524
84,104,188,-1452.24768
84,105,189,-1461.189111
84,106,190,-1472.410542
84,107,191,-1480.971973
84,108,192,-1492.063404
84,109,193,-1500.424835
84,110,194,-1511.146266
84,111,195,-1519.277697
84,112,196,-1529.749128
84,113,197,-1537.710559
84,114,198,-1547.89199
84,115,199,-1555.713421
84,116,200,-1565.514852
84,117,201,-1573.156283
84,118,202,-1582.627714
84,119,203,-1590.089145
84,120,204,-1599.180576
84,121,205,-1606.432007
84,122,206,-1615.173438
84,123,207,-1622.214869
84,124,208,-1630.6063
84,125,209,-1637.577731
84,126,210,-1645.229162
84,127,211,-1649.780593
84,128,212,-1655.792024
84,129,213,-1660.143455
84,130,214,-1666.034886
84,131,215,-1670.176317
84,132,216,-1675.927748
84,133,217,-1679.879179
84,134,218,-1685.49061
84,135,219,-1689.220146
84,136,220,-1694.709368
84,137,221,-1698.270389
84,138,222,-1703.629199
85,106,191,-1471.25835
85,107,192,-1480.267834
85,108,193,-1491.432438
85,109,194,-1500.543869
85,110,195,-1510.9053
85,111,196,-1519.416731
85,112,197,-1529.908162
85,113,198,-1538.309593
85,114,199,-1548.531024
85,115,200,-1556.772455
85,116,201,-1566.643886
85,117,202,-1574.515317
85,118,203,-1584.156748
85,119,204,-1591.948179
85,120,205,-1601.10961
85,121,206,-1608.631041
85,122,207,-1617.522472
85,123,208,-1624.843903
85,124,209,-1633.305334
85,125,210,-1640.466765
85,126,211,-1648.218196
85,127,212,-1653.259627
85,128,213,-1659.291058
85,129,214,-1664.162489
85,130,215,-1670.10392
85,131,216,-1674.665351
85,132,217,-1680.596782
85,133,218,-1684.968213
85,134,219,-1690.739644
85,135,220,-1694.861075
85,136,221,-1700.479063
85,137,222,-1704.380092
85,138,223,-1709.976421
85,139,224,-1713.76473
86,107,193,-1481.439629
86,108,194,-1492.829243
86,109,195,-1501.572903
86,110,196,-1512.744334
86,111,197,-1521.305765
86,112,198,-1532.087196
86,113,199,-1540.448627
86,114,200,-1551.010058
86,115,201,-1559.141489
86,116,202,-1569.42292
86,117,203,-1577.374351
86,118,204,-1587.265782
86,119,205,-1595.067213
86,120,206,-1604.548644
86,121,207,-1612.130075
86,122,208,-1621.221506
86,123,209,-1628.572937
86,124,210,-1637.314368
86,125,211,-1644.545799
86,126,212,-1652.51723
86,127,213,-1657.628661
86,128,214,-1664.320092
86,129,215,-1669.241523
86,130,216,-1675.882954
86,131,217,-1680.554385
86,132,218,-1687.065816
86,133,219,-1691.527247
86,134,220,-1697.818678
86,135,221,-1702.030109
86,136,222,-1708.20154
86,137,223,-1712.232356
86,138,224,-1718.248314
86,139,225,-1722.230573
86,140,226,-1728.088841
86,141,227,-1732.021532
86,142,228,-1737.73522
86,143,229,-1741.687598
87,110,197,-1511.731508
87,111,198,-1520.479085
87,112,199,-1531.38623
87,113,200,-1540.097661
87,114,201,-1550.689092
87,115,202,-1559.220523
87,116,203,-1569.571954
87,117,204,-1577.893385
87,118,205,-1587.884816
87,119,206,-1595.886247
87,120,207,-1605.557678
87,121,208,-1613.449109
87,122,209,-1622.63054
87,123,210,-1630.281971
87,124,211,-1639.163402
87,125,212,-1646.614833
87,126,213,-1654.696264
87,127,214,-1660.177695
87,128,215,-1666.969126
87,129,216,-1672.380557
87,130,217,-1679.111988
87,131,218,-1684.443419
87,132,219,-1690.95485
87,133,220,-1696.166281
87,134,221,-1702.437712
87,135,222,-1707.439143
87,136,223,-1713.480574
87,137,224,-1718.272005
87,138,225,-1724.193436
87,139,226,-1728.704867
87,140,227,-1734.486298
87,141,228,-1738.812109
87,142,229,-1744.46916
87,143,230,-1748.852196
87,144,231,-1754.329708
87,145,232,-1758.408759
87,146,233,-1763.632873
88,113,201,-1541.551571
88,114,202,-1552.368126
88,115,203,-1561.009557
88,116,204,-1571.670988
88,117,205,-1579.952419
88,118,206,-1590.29385
88,119,207,-1598.395281
88,120,208,-1608.296712
88,121,209,-1616.218143
88,122,210,-1625.689574
88,123,211,-1633.381005
88,124,212,-1642.482436
88,125,213,-1650.003867
88,126,214,-1658.335298
88,127,215,-1663.976729
88,128,216,-1671.28816
88,129,217,-1676.759591
88,130,218,-1684.071022
88,131,219,-1689.402453
88,132,220,-1696.593884
88,133,221,-1701.975315
88,134,222,-1708.686746
88,135,223,-1713.838177
88,136,224,-1720.319608
88,137,225,-1725.231039
88,138,226,-1731.62247
88,139,227,-1736.183901
88,140,228,-1742.495332
88,141,229,-1746.946763
88,142,230,-1753.058194
88,143,231,-1757.411456
88,144,232,-1763.202297
88,145,233,-1767.436505
88,146,234,-1772.911273
89,116,205,-1570.88464
89,117,206,-1579.571453
89,118,207,-1590.022884
89,119,208,-1598.464315
89,120,209,-1608.455746
89,121,210,-1616.577177
89,122,211,-1626.238608
89,123,212,-1634.230039
89,124,213,-1643.42147
89,125,214,-1651.222901
89,126,215,-1659.714332
89,127,216,-1665.675763
89,128,217,-1673.157194
89,129,218,-1679.098625
89,130,219,-1686.440056
89,131,220,-1692.331487
89,132,221,-1699.632918
89,133,222,-1705.604349
89,134,223,-1712.46578
89,135,224,-1718.127211
89,136,225,-1724.798642
89,137,226,-1730.200073
89,138,227,-1736.731504
89,139,228,-1741.752935
89,140,229,-1747.974366
89,141,230,-1752.985797
89,142,231,-1758.947228
89,143,232,-1763.788659
89,144,233,-1769.680179
89,145,234,-1774.21835
89,146,235,-1779.773699
89,147,236,-1783.981183
90,118,208,-1591.734893
90,119,209,-1600.013349
90,120,210,-1610.54478
90,121,211,-1618.746211
90,122,212,-1628.637642
90,123,213,-1636.679073
90,124,214,-1646.160504
90,125,215,-1654.011935
90,126,216,-1662.713366
90,127,217,-1668.864797
90,128,218,-1676.786228
90,129,219,-1682.757659
90,130,220,-1690.62909
90,131,221,-1696.430521
90,132,222,-1704.241952
90,133,223,-1710.123383
90,134,224,-1717.584814
90,135,225,-1723.346245
90,136,226,-1730.527676
90,137,227,-1735.989107
90,138,228,-1743.100538
90,139,229,-1748.351969
90,140,230,-1755.1534
90,141,231,-1760.264831
90,142,232,-1766.706262
90,143,233,-1771.497693
90,144,234,-1777.689124
90,145,235,-1782.110555
90,146,236,-1788.164637
90,147,237,-1792.536062
91,120,211,-1609.802303
91,121,212,-1618.335245
91,122,213,-1628.356676
91,123,214,-1636.598107
91,124,215,-1646.289538
91,125,216,-1654.430969
91,126,217,-1663.2324
91,127,218,-1669.703831
91,128,219,-1677.925262
91,129,220,-1684.136693
91,130,221,-1692.208124
91,131,222,-1698.574681
91,132,223,-1706.410986
91,133,224,-1712.932417
91,134,225,-1720.533848
91,135,226,-1726.915279
91,136,227,-1734.18671
91,137,228,-1740.168141
91,138,229,-1747.259572
91,139,230,-1753.061003
91,140,231,-1759.872434
91,141,232,-1765.423865
91,142,233,-1771.955296
91,143,234,-1777.176727
91,144,235,-1783.258158
91,145,236,-1788.309589
91,146,237,-1794.09102
91,147,238,-1799.032451
92,123,215,-1638.468152
92,124,216,-1648.362355
92,125,217,-1656.820003
92,126,218,-1665.671434
92,127,219,-1672.452865
92,129,221,-1687.265363
92,130,222,-1695.583852
92,131,223,-1702.108589
92,132,224,-1710.31002
92,133,225,-1716.711451
92,134,226,-1724.832882
92,135,227,-1731.214313
92,136,228,-1739.075744
92,137,229,-1745.167175
92,138,230,-1752.838606
92,139,231,-1758.710037
92,140,232,-1765.981468
92,141,233,-1771.742899
92,142,234,-1778.58433
92,143,235,-1783.885761
92,144,236,-1790.427192
92,145,237,-1795.558623
92,146,238,-1801.710054
92,147,239,-1806.521485
92,148,240,-1812.442916
93,126,219,-1665.423431
93,127,220,-1672.456676
93,129,222,-1687.799689
93,130,223,-1696.487084
93,131,224,-1703.184717
93,132,225,-1711.719054
93,133,226,-1718.542736
93,134,227,-1726.891916
93,136,229,-1741.814778
93,137,230,-1748.426209
93,138,231,-1756.11764
93,140,233,-1769.930502
93,141,234,-1775.991933
93,142,235,-1782.983364
93,143,236,-1788.714795
93,144,237,-1795.296226
93,145,238,-1800.777657
93,146,239,-1806.999088
93,147,240,-1812.070519
93,148,241,-1818.19195
93,149,242,-1823.103381
94,134,228,-1730.65095
94,135,229,-1737.412381
94,136,230,-1745.953812
94,137,231,-1752.675243
94,138,232,-1760.656674
94,139,233,-1767.048105
94,140,234,-1774.819536
94,141,235,-1781.060967
94,142,236,-1788.412398
94,143,237,-1794.293829
94,144,238,-1801.28526
94,145,239,-1806.936691
94,146,240,-1813.468122
94,147,241,-1818.709553
94,148,242,-1825.020984
94,149,243,-1830.052415
94,150,244,-1836.073846
94,151,245,-1840.845277
94,152,246,-1846.636708
95,134,229,-1731.828461
95,140,235,-1777.812177
95,143,238,-1798.252863
95,144,239,-1805.354294
95,145,240,-1811.305725
95,146,241,-1817.947156
95,147,242,-1823.488587
95,148,243,-1829.850018
95,149,244,-1835.221449
95,150,245,-1841.27288
95,151,246,-1846.244311
96,137,233,-1758.243311
96,138,234,-1766.884742
96,140,236,-1781.872924
96,141,237,-1788.549912
96,142,238,-1796.490466
96,143,239,-1802.79275
96,144,240,-1810.313328
96,145,241,-1816.404759
96,146,242,-1823.36619
96,147,243,-1829.067621
96,148,244,-1835.869052
96,149,245,-1841.380483
96,150,246,-1847.841914
96,151,247,-1853.003345
96,152,248,-1859.214776
96,153,249,-1863.926207
96,154,250,-1869.757638
96,155,251,-1874.169069
97,146,243,-1826.775224
97,147,244,-1832.816655
97,148,245,-1839.798086
97,149,246,-1845.709517
97,150,247,-1852.260948
97,151,248,-1857.66818
97,152,249,-1864.04381
97,153,250,-1869.015241
97,154,251,-1874.806672
98,139,237,-1778.294116
98,142,240,-1802.4576
98,144,242,-1817.271396
98,146,244,-1831.274258
98,147,245,-1837.435689
98,148,246,-1844.80712
98,149,247,-1850.828551
98,150,248,-1857.799982
98,151,249,-1863.381413
98,152,250,-1870.012844
98,153,251,-1875.114275
98,154,252,-1881.295706
98,155,253,-1886.097137
98,156,254,-1892.128568
99,147,246,-1840.273085
99,148,247,-1847.584824
99,152,251,-1873.961878
99,153,252,-1879.253309
99,154,253,-1885.60474
99,155,254,-1890.696171
99,156,255,-1896.667602
100,146,246,-1837.192326
100,148,248,-1851.565188
100,149,249,-1858.00436
100,150,250,-1865.54805
100,151,251,-1871.699481
100,152,252,-1878.940912
100,153,253,-1884.482343
100,154,254,-1891.003774
100,155,255,-1896.175205
100,156,256,-1902.556636
100,157,257,-1907.528067
101,148,249,-1853.560208
101,149,250,-1860.413325
101,150,251,-1867.917026
101,151,252,-1874.487989
101,154,255,-1894.352808
101,155,256,-1899.654239
101,156,257,-1906.33567
101,157,258,-1911.717101
102,150,252,-1871.316118
102,151,253,-1877.885391
102,152,254,-1885.61898
102,153,255,-1891.560411
102,154,256,-1898.661842
102,155,257,-1904.313273
102,157,259,-1916.592593
103,150,253,-1872.938254
103,151,254,-1879.887172
103,152,255,-1887.657059
103,153,256,-1893.929088
104,152,256,-1890.677048
104,153,257,-1897.098262
104,154,258,-1904.691631
104,157,261,-1923.954203
105,152,257,-1892.028012
105,153,258,-1898.745917
105,154,259,-1906.333913
106,154,260,-1909.057978
106,155,261,-1915.680231
106,156,262,-1923.387483
106,159,265,-1943.175133
107,154,261,-1909.823469
107,155,262,-1916.722072
108,156,264,-1926.758908
108,157,265,-1933.505561
108,158,266,-1941.337453
109,157,266,-1934.022107
110,159,269,-1950.291722
110,160,270,-1958.516118
